curso_academico,cod_universidad,des_universidad,des_tipo_estudio,des_tipo_unidad_responsable,cod_unidad_responsable,des_unidad_responsable,cod_titulacion,des_titulacion,des_rama,cod_interuniversitario,des_interuniversitario,des_rol_coordinacion,des_impartida,anio_inicio,des_situacion_actual,des_grado_presencialidad,des_idioma_extranjero,precio_credito_1,precio_credito_2,precio_credito_3,precio_credito_4,precio_credito_5,precio_tutela,num_creditos_necesarios,num_creditos_ofertados
2021-22,036,Universidad-Carlos-III-de-Madrid,Grado,Centro,28041822,Facultad-de-Ciencias-Sociales-y-Juridicas,7700001,Grado-Abierto-UC3M-en-Ciencias-Sociales-y-Humanidades,Ciencias-Sociales-y-Juridicas,0,No-es-Interuniversitario,No-Aplica,true,2016,Activo,Presencial,Existen-planes-separados-uno-de-ellos-en-Ingles,21.39,40.02,82.3,113.71,,,120,186
2021-22,036,Universidad-Carlos-III-de-Madrid,Grado,Centro,28042292,Escuela-Politecnica-Superior,7700002,Grado-Abierto-UC3M-en-Ingenieria,Ingenieria-y-Arquitectura,0,No-es-Interuniversitario,No-Aplica,true,2016,Activo,Presencial,Existen-planes-separados-uno-de-ellos-en-Ingles,24.55,45.25,92.86,128.57,,,120,998
2021-22,036,Universidad-Carlos-III-de-Madrid,Grado,Centro,28050461,Facultad-de-Ciencias-Sociales-y-Juridicas,2500030,Grado-en-Administracion-de-Empresas,Ciencias-Sociales-y-Juridicas,0,No-es-Interuniversitario,No-Aplica,true,2008,Activo,Presencial,No-se-oferta-en-idioma-extranjero,21.39,40.02,82.3,113.71,,,240,549
2021-22,036,Universidad-Carlos-III-de-Madrid,Grado,Centro,28041822,Facultad-de-Ciencias-Sociales-y-Juridicas,2500030,Grado-en-Administracion-de-Empresas,Ciencias-Sociales-y-Juridicas,0,No-es-Interuniversitario,No-Aplica,true,2008,Activo,Presencial,Existen-planes-separados-uno-de-ellos-en-Ingles,21.39,40.02,82.3,113.71,,,240,549
2021-22,036,Universidad-Carlos-III-de-Madrid,Grado,Centro,28042292,Escuela-Politecnica-Superior,2503783,Grado-en-Ciencia-e-Ingenieria-de-Datos,Ingenieria-y-Arquitectura,0,No-es-Interuniversitario,No-Aplica,true,2018,Activo,Presencial,Se-oferta-en-Ingles,24.55,45.25,92.86,128.57,,,240,120
2021-22,036,Universidad-Carlos-III-de-Madrid,Grado,Centro,28041822,Facultad-de-Ciencias-Sociales-y-Juridicas,2500024,Grado-en-Ciencias-Politicas,Ciencias-Sociales-y-Juridicas,0,No-es-Interuniversitario,No-Aplica,true,2008,Activo,Presencial,No-se-oferta-en-idioma-extranjero,21.39,40.02,82.3,113.71,,,240,276
2021-22,036,Universidad-Carlos-III-de-Madrid,Grado,Centro,28048385,Facultad-de-Humanidades-Comunicacion-y-Documentacion,2500025,Grado-en-Comunicacion-Audiovisual,Ciencias-Sociales-y-Juridicas,0,No-es-Interuniversitario,No-Aplica,true,2008,Activo,Presencial,Existen-planes-separados-uno-de-ellos-en-Ingles,21.39,40.02,82.3,113.71,,,240,357
2021-22,036,Universidad-Carlos-III-de-Madrid,Grado,Centro,28050461,Facultad-de-Ciencias-Sociales-y-Juridicas,2500026,Grado-en-Derecho,Ciencias-Sociales-y-Juridicas,0,No-es-Interuniversitario,No-Aplica,true,2008,Activo,Presencial,No-se-oferta-en-idioma-extranjero,21.39,40.02,82.3,113.71,,,240,342
2021-22,036,Universidad-Carlos-III-de-Madrid,Grado,Centro,28041822,Facultad-de-Ciencias-Sociales-y-Juridicas,2500026,Grado-en-Derecho,Ciencias-Sociales-y-Juridicas,0,No-es-Interuniversitario,No-Aplica,true,2008,Activo,Presencial,No-se-oferta-en-idioma-extranjero,21.39,40.02,82.3,113.71,,,240,342
2021-22,036,Universidad-Carlos-III-de-Madrid,Grado,Centro,28041822,Facultad-de-Ciencias-Sociales-y-Juridicas,2500119,Grado-en-Economia,Ciencias-Sociales-y-Juridicas,0,No-es-Interuniversitario,No-Aplica,true,2008,Activo,Presencial,Existen-planes-separados-uno-de-ellos-en-Ingles,21.39,40.02,82.3,113.71,,,240,276
2021-22,036,Universidad-Carlos-III-de-Madrid,Grado,Centro,28041822,Facultad-de-Ciencias-Sociales-y-Juridicas,2503790,Grado-en-Empresa-y-Tecnologia,Ciencias-Sociales-y-Juridicas,0,No-es-Interuniversitario,No-Aplica,true,2018,Activo,Presencial,Se-oferta-en-Ingles,21.39,40.02,82.3,113.71,,,240,126
2021-22,036,Universidad-Carlos-III-de-Madrid,Grado,Centro,28041822,Facultad-de-Ciencias-Sociales-y-Juridicas,2500027,Grado-en-Estadistica-y-Empresa,Ciencias-Sociales-y-Juridicas,0,No-es-Interuniversitario,No-Aplica,true,2008,Activo,Presencial,No-se-oferta-en-idioma-extranjero,21.39,40.02,82.3,113.71,,,240,315
2021-22,036,Universidad-Carlos-III-de-Madrid,Grado,Centro,28048385,Facultad-de-Humanidades-Comunicacion-y-Documentacion,2503917,Grado-en-Estudios-Culturales,Artes-y-Humanidades,0,No-es-Interuniversitario,No-Aplica,true,2019,Activo,Presencial,Se-oferta-en-Ingles,21.39,40.02,82.3,113.71,,,240,138
2021-22,036,Universidad-Carlos-III-de-Madrid,Grado,Centro,28041822,Facultad-de-Ciencias-Sociales-y-Juridicas,2502997,Grado-en-Estudios-Internacionales,Ciencias-Sociales-y-Juridicas,0,No-es-Interuniversitario,No-Aplica,true,2014,Activo,Presencial,Se-oferta-en-Ingles,21.39,40.02,82.3,113.71,,,240,501
2021-22,036,Universidad-Carlos-III-de-Madrid,Grado,Centro,28041822,Facultad-de-Ciencias-Sociales-y-Juridicas,2503809,Grado-en-Filosofia-Politica-y-Economia,Ciencias-Sociales-y-Juridicas,1,Interuniversitario-con-Universidades-espaniolas,La-Universidad-NO-es-la-coordinadora-del-estudio-Interuniversitario,true,2018,Activo,Presencial,Se-oferta-en-Ingles,21.39,40.02,82.3,113.71,,,240,234
2021-22,036,Universidad-Carlos-III-de-Madrid,Grado,Centro,28041822,Facultad-de-Ciencias-Sociales-y-Juridicas,2502922,Grado-en-Filosofia-Politica-y-Economia,Ciencias-Sociales-y-Juridicas,1,Interuniversitario-con-Universidades-espaniolas,La-Universidad-NO-es-la-coordinadora-del-estudio-Interuniversitario,true,2013,En-proceso-de-extincion,Presencial,Se-oferta-en-Ingles,21.39,40.02,82.3,113.71,,,240,628
2021-22,036,Universidad-Carlos-III-de-Madrid,Grado,Centro,28041822,Facultad-de-Ciencias-Sociales-y-Juridicas,2500155,Grado-en-Finanzas-y-Contabilidad,Ciencias-Sociales-y-Juridicas,0,No-es-Interuniversitario,No-Aplica,true,2008,Activo,Presencial,Existen-planes-separados-uno-de-ellos-en-Ingles,21.39,40.02,82.3,113.71,,,240,276
2021-22,036,Universidad-Carlos-III-de-Madrid,Grado,Centro,28048385,Facultad-de-Humanidades-Comunicacion-y-Documentacion,2503593,Grado-en-Gestion-de-la-Informacion-y-Contenidos-Digitales,Ciencias-Sociales-y-Juridicas,0,No-es-Interuniversitario,No-Aplica,true,2017,Activo,Presencial,No-se-oferta-en-idioma-extranjero,21.39,40.02,82.3,113.71,,,240,288
2021-22,036,Universidad-Carlos-III-de-Madrid,Grado,Centro,28051864,Centro-Universitario-Guardia-Civil,2503333,Grado-en-Gestion-de-Seguridad-Publica,Ciencias-Sociales-y-Juridicas,0,No-es-Interuniversitario,No-Aplica,true,2017,Activo,Presencial,No-se-oferta-en-idioma-extranjero,0,0,,,,,240,120
2021-22,036,Universidad-Carlos-III-de-Madrid,Grado,Centro,28048385,Facultad-de-Humanidades-Comunicacion-y-Documentacion,2503797,Grado-en-Historia-y-Politica,Ciencias-Sociales-y-Juridicas,0,No-es-Interuniversitario,No-Aplica,true,2018,Activo,Presencial,Se-oferta-en-Ingles,21.39,40.02,82.3,113.71,,,240,159
2021-22,036,Universidad-Carlos-III-de-Madrid,Grado,Centro,28048385,Facultad-de-Humanidades-Comunicacion-y-Documentacion,2500120,Grado-en-Humanidades,Artes-y-Humanidades,0,No-es-Interuniversitario,No-Aplica,true,2008,Activo,Presencial,No-se-oferta-en-idioma-extranjero,21.39,40.02,82.3,113.71,,,240,300
2021-22,036,Universidad-Carlos-III-de-Madrid,Grado,Centro,28048385,Facultad-de-Humanidades-Comunicacion-y-Documentacion,2500131,Grado-en-Informacion-y-Documentacion-Semipresencial,Ciencias-Sociales-y-Juridicas,0,No-es-Interuniversitario,No-Aplica,true,2008,En-proceso-de-extincion,Varias-modalidades,No-se-oferta-en-idioma-extranjero,21.39,40.02,82.3,113.71,,,240,192
2021-22,036,Universidad-Carlos-III-de-Madrid,Grado,Centro,28042292,Escuela-Politecnica-Superior,2501584,Grado-en-Ingenieria-Aeroespacial,Ingenieria-y-Arquitectura,0,No-es-Interuniversitario,No-Aplica,true,2010,Activo,Presencial,Se-oferta-en-Ingles,24.55,45.25,92.86,128.57,,,240,531
2021-22,036,Universidad-Carlos-III-de-Madrid,Grado,Centro,28042292,Escuela-Politecnica-Superior,2501585,Grado-en-Ingenieria-Biomedica,Ingenieria-y-Arquitectura,0,No-es-Interuniversitario,No-Aplica,true,2010,Activo,Presencial,Se-oferta-en-Ingles,26.14,48.03,98.75,136.44,,,240,222
2021-22,036,Universidad-Carlos-III-de-Madrid,Grado,Centro,28042292,Escuela-Politecnica-Superior,2500045,Grado-en-Ingenieria-de-Comunicaciones-Moviles-y-Espaciales,Ingenieria-y-Arquitectura,0,No-es-Interuniversitario,No-Aplica,true,2008,Activo,Presencial,Existen-planes-separados-uno-de-ellos-en-Ingles,24.55,45.25,92.86,128.57,,,240,483
2021-22,036,Universidad-Carlos-III-de-Madrid,Grado,Centro,28042292,Escuela-Politecnica-Superior,2502850,Grado-en-Ingenieria-de-la-Energia,Ingenieria-y-Arquitectura,0,No-es-Interuniversitario,No-Aplica,true,2013,Activo,Presencial,Se-oferta-en-Ingles,24.55,45.25,92.86,128.57,,,240,423
2021-22,036,Universidad-Carlos-III-de-Madrid,Grado,Centro,28051864,Centro-Universitario-Guardia-Civil,2502665,Grado-en-Ingenieria-de-la-Seguridad,Ingenieria-y-Arquitectura,0,No-es-Interuniversitario,No-Aplica,true,2012,Activo,Presencial,No-se-oferta-en-idioma-extranjero,0,0,,,,,240,186
2021-22,036,Universidad-Carlos-III-de-Madrid,Grado,Centro,28042292,Escuela-Politecnica-Superior,2500184,Grado-en-Ingenieria-de-Sonido-e-Imagen,Ingenieria-y-Arquitectura,0,No-es-Interuniversitario,No-Aplica,true,2008,Activo,Presencial,Existen-planes-separados-uno-de-ellos-en-Ingles,24.55,45.25,92.86,128.57,,,240,486
2021-22,036,Universidad-Carlos-III-de-Madrid,Grado,Centro,28042292,Escuela-Politecnica-Superior,2500188,Grado-en-Ingenieria-Electrica,Ingenieria-y-Arquitectura,0,No-es-Interuniversitario,No-Aplica,true,2008,Activo,Presencial,Existen-planes-separados-uno-de-ellos-en-Ingles,24.55,45.25,92.86,128.57,,,240,150
2021-22,036,Universidad-Carlos-III-de-Madrid,Grado,Centro,28042292,Escuela-Politecnica-Superior,2500196,Grado-en-Ingenieria-Electronica-Industrial-y-Automatica,Ingenieria-y-Arquitectura,0,No-es-Interuniversitario,No-Aplica,true,2008,Activo,Presencial,Existen-planes-separados-uno-de-ellos-en-Ingles,24.55,45.25,92.86,128.57,,,240,153
2021-22,036,Universidad-Carlos-III-de-Madrid,Grado,Centro,28042292,Escuela-Politecnica-Superior,2501586,Grado-en-Ingenieria-en-Tecnologias-de-Telecomunicacion,Ingenieria-y-Arquitectura,0,No-es-Interuniversitario,No-Aplica,true,2010,Activo,Presencial,Existen-planes-separados-uno-de-ellos-en-Ingles,24.55,45.25,92.86,128.57,,,240,150
2021-22,036,Universidad-Carlos-III-de-Madrid,Grado,Centro,28042292,Escuela-Politecnica-Superior,2502457,Grado-en-Ingenieria-en-Tecnologias-Industriales,Ingenieria-y-Arquitectura,0,No-es-Interuniversitario,No-Aplica,true,2010,Activo,Presencial,Existen-planes-separados-uno-de-ellos-en-Ingles,24.55,45.25,92.86,128.57,,,240,615
2021-22,036,Universidad-Carlos-III-de-Madrid,Grado,Centro,28042292,Escuela-Politecnica-Superior,2503905,Grado-en-Ingenieria-Fisica,Ingenieria-y-Arquitectura,0,No-es-Interuniversitario,No-Aplica,true,2019,Activo,Presencial,Se-oferta-en-Ingles,24.55,45.25,92.86,128.57,,,240,150
2021-22,036,Universidad-Carlos-III-de-Madrid,Grado,Centro,28042292,Escuela-Politecnica-Superior,2500046,Grado-en-Ingenieria-Informatica,Ingenieria-y-Arquitectura,0,No-es-Interuniversitario,No-Aplica,true,2008,Activo,Presencial,Existen-planes-separados-uno-de-ellos-en-Ingles,24.55,45.25,92.86,128.57,,,240,156
2021-22,036,Universidad-Carlos-III-de-Madrid,Grado,Centro,28051244,Escuela-Politecnica-Superior,2500046,Grado-en-Ingenieria-Informatica,Ingenieria-y-Arquitectura,0,No-es-Interuniversitario,No-Aplica,true,2008,Activo,Presencial,No-se-oferta-en-idioma-extranjero,24.55,45.25,92.86,128.57,,,240,156
2021-22,036,Universidad-Carlos-III-de-Madrid,Grado,Centro,28042292,Escuela-Politecnica-Superior,2500048,Grado-en-Ingenieria-Mecanica,Ingenieria-y-Arquitectura,0,No-es-Interuniversitario,No-Aplica,true,2008,Activo,Presencial,Existen-planes-separados-uno-de-ellos-en-Ingles,24.55,45.25,92.86,128.57,,,240,150
2021-22,036,Universidad-Carlos-III-de-Madrid,Grado,Centro,28042292,Escuela-Politecnica-Superior,2500159,Grado-en-Ingenieria-Telematica,Ingenieria-y-Arquitectura,0,No-es-Interuniversitario,No-Aplica,true,2008,Activo,Presencial,Existen-planes-separados-uno-de-ellos-en-Ingles,24.55,45.25,92.86,128.57,,,240,162
2021-22,036,Universidad-Carlos-III-de-Madrid,Grado,Centro,28048385,Facultad-de-Humanidades-Comunicacion-y-Documentacion,2500028,Grado-en-Periodismo,Ciencias-Sociales-y-Juridicas,0,No-es-Interuniversitario,No-Aplica,true,2008,Activo,Presencial,Existen-planes-separados-uno-de-ellos-en-Ingles,21.39,40.02,82.3,113.71,,,240,519
2021-22,036,Universidad-Carlos-III-de-Madrid,Grado,Centro,28041822,Facultad-de-Ciencias-Sociales-y-Juridicas,2500118,Grado-en-Relaciones-Laborales-y-Empleo,Ciencias-Sociales-y-Juridicas,0,No-es-Interuniversitario,No-Aplica,true,2008,Activo,Presencial,No-se-oferta-en-idioma-extranjero,21.39,40.02,82.3,113.71,,,240,381
2021-22,036,Universidad-Carlos-III-de-Madrid,Grado,Centro,28041822,Facultad-de-Ciencias-Sociales-y-Juridicas,2500187,Grado-en-Sociologia,Ciencias-Sociales-y-Juridicas,0,No-es-Interuniversitario,No-Aplica,true,2008,Activo,Presencial,No-se-oferta-en-idioma-extranjero,21.39,40.02,82.3,113.71,,,240,213
2021-22,036,Universidad-Carlos-III-de-Madrid,Grado,Centro,28041822,Facultad-de-Ciencias-Sociales-y-Juridicas,2500029,Grado-en-Turismo,Ciencias-Sociales-y-Juridicas,0,No-es-Interuniversitario,No-Aplica,true,2008,Activo,Presencial,No-se-oferta-en-idioma-extranjero,21.39,40.02,82.3,113.71,,,240,435
2021-22,036,Universidad-Carlos-III-de-Madrid,Grado,Centro,28050461,Facultad-de-Ciencias-Sociales-y-Juridicas,2500029,Grado-en-Turismo,Ciencias-Sociales-y-Juridicas,0,No-es-Interuniversitario,No-Aplica,true,2008,En-proceso-de-extincion,Presencial,No-se-oferta-en-idioma-extranjero,21.39,40.02,82.3,113.71,,,240,387
2021-22,036,Universidad-Carlos-III-de-Madrid,Grado,Centro,28042292,Escuela-Politecnica-Superior,2503904,Grado-en-Matematica-Aplicada-y-Computacion,Ingenieria-y-Arquitectura,0,No-es-Interuniversitario,No-Aplica,true,2019,Activo,Presencial,Se-oferta-en-Ingles,24.55,45.25,92.86,128.57,,,240,150
2021-22,036,Universidad-Carlos-III-de-Madrid,Grado,Centro,28042292,Escuela-Politecnica-Superior,2504022,Grado-en-Ciencias,Ciencias,1,Interuniversitario-con-Universidades-espaniolas,La-Universidad-NO-es-la-coordinadora-del-estudio-Interuniversitario,true,2020,Activo,Presencial,No-se-oferta-en-idioma-extranjero,21.39,40.02,82.3,113.71,,,240,120
2021-22,036,Universidad-Carlos-III-de-Madrid,Grado,Centro,28048385,Facultad-de-Humanidades-Comunicacion-y-Documentacion,2504235,Grado-en-Ciencia-Tecnologia-y-Humanidades,Ciencias-Sociales-y-Juridicas,1,Interuniversitario-con-Universidades-espaniolas,La-Universidad-NO-es-la-coordinadora-del-estudio-Interuniversitario,true,2021,Activo,Presencial,No-se-oferta-en-idioma-extranjero,21.39,40.02,82.3,113.71,,,240,60
2021-22,036,Universidad-Carlos-III-de-Madrid,Grado,Centro,28041822,Facultad-de-Ciencias-Sociales-y-Juridicas,7000105,Doble-Grado-en-Ciencias-Politicas-y-Sociologia,Ciencias-Sociales-y-Juridicas,0,No-es-Interuniversitario,No-Aplica,true,2009,Activo,Presencial,No-se-oferta-en-idioma-extranjero,,,,,,,318,219
2021-22,036,Universidad-Carlos-III-de-Madrid,Grado,Centro,28041822,Facultad-de-Ciencias-Sociales-y-Juridicas,7000000,Doble-Grado-en-Derecho-y-Administracion-de-Empresas,Ciencias-Sociales-y-Juridicas,0,No-es-Interuniversitario,No-Aplica,true,2008,Activo,Presencial,Existen-planes-separados-uno-de-ellos-en-Ingles,,,,,,,375,150
2021-22,036,Universidad-Carlos-III-de-Madrid,Grado,Centro,28050461,Facultad-de-Ciencias-Sociales-y-Juridicas,7000000,Doble-Grado-en-Derecho-y-Administracion-de-Empresas,Ciencias-Sociales-y-Juridicas,0,No-es-Interuniversitario,No-Aplica,true,2008,Activo,Presencial,No-se-oferta-en-idioma-extranjero,,,,,,,375,150
2021-22,036,Universidad-Carlos-III-de-Madrid,Grado,Centro,28041822,Facultad-de-Ciencias-Sociales-y-Juridicas,7000001,Doble-Grado-en-Derecho-y-Ciencias-Politicas,Ciencias-Sociales-y-Juridicas,0,No-es-Interuniversitario,No-Aplica,true,2008,Activo,Presencial,No-se-oferta-en-idioma-extranjero,,,,,,,360,162
2021-22,036,Universidad-Carlos-III-de-Madrid,Grado,Centro,28041822,Facultad-de-Ciencias-Sociales-y-Juridicas,7000002,Doble-Grado-en-Derecho-y-Economia,Ciencias-Sociales-y-Juridicas,0,No-es-Interuniversitario,No-Aplica,true,2008,Activo,Presencial,Existen-planes-separados-uno-de-ellos-en-Ingles,,,,,,,375,174
2021-22,036,Universidad-Carlos-III-de-Madrid,Grado,Centro,28041822,Facultad-de-Ciencias-Sociales-y-Juridicas,7000616,Doble-Grado-en-Estudios-Internacionales-y-Administracion-de-Empresas,Ciencias-Sociales-y-Juridicas,0,No-es-Interuniversitario,No-Aplica,true,2015,Activo,Presencial,Se-oferta-en-Ingles,,,,,,,324,336
2021-22,036,Universidad-Carlos-III-de-Madrid,Grado,Centro,28041822,Facultad-de-Ciencias-Sociales-y-Juridicas,7000617,Doble-Grado-en-Estudios-Internacionales-y-Ciencias-Politicas,Ciencias-Sociales-y-Juridicas,0,No-es-Interuniversitario,No-Aplica,true,2015,Activo,Presencial,Se-oferta-en-Ingles,,,,,,,324,312
2021-22,036,Universidad-Carlos-III-de-Madrid,Grado,Centro,28041822,Facultad-de-Ciencias-Sociales-y-Juridicas,7000618,Doble-Grado-en-Estudios-Internacionales-y-Derecho,Ciencias-Sociales-y-Juridicas,0,No-es-Interuniversitario,No-Aplica,true,2015,Activo,Presencial,Se-oferta-en-Ingles,,,,,,,372,171
2021-22,036,Universidad-Carlos-III-de-Madrid,Grado,Centro,28041822,Facultad-de-Ciencias-Sociales-y-Juridicas,7000679,Doble-Grado-en-Estudios-Internacionales-y-Economia,Ciencias-Sociales-y-Juridicas,0,No-es-Interuniversitario,No-Aplica,true,2016,Activo,Presencial,Se-oferta-en-Ingles,,,,,,,330,162
2021-22,036,Universidad-Carlos-III-de-Madrid,Grado,Centro,28051244,Escuela-Politecnica-Superior,7000003,Doble-Grado-en-Ingenieria-Informatica-y-Administracion-de-Empresas,Ingenieria-y-Arquitectura,0,No-es-Interuniversitario,No-Aplica,true,2008,Activo,Presencial,No-se-oferta-en-idioma-extranjero,,,,,,,390,72
2021-22,036,Universidad-Carlos-III-de-Madrid,Grado,Centro,28048385,Facultad-de-Humanidades-Comunicacion-y-Documentacion,7000004,Doble-Grado-en-Periodismo-y-Comunicacion-Audiovisual,Ciencias-Sociales-y-Juridicas,0,No-es-Interuniversitario,No-Aplica,true,2008,Activo,Presencial,Existen-planes-separados-uno-de-ellos-en-Ingles,,,,,,,300,354
2021-22,036,Universidad-Carlos-III-de-Madrid,Grado,Centro,28048385,Facultad-de-Humanidades-Comunicacion-y-Documentacion,7000435,Doble-Grado-en-Periodismo-y-Humanidades,Ciencias-Sociales-y-Juridicas,0,No-es-Interuniversitario,No-Aplica,true,2013,Activo,Presencial,No-se-oferta-en-idioma-extranjero,,,,,,,354,300
2021-22,036,Universidad-Carlos-III-de-Madrid,Grado,Centro,28042292,Escuela-Politecnica-Superior,7001063,Doble-Grado-Ciencia-e-Ingenieria-de-Datos---Ingenieria-en-Tecnologias-de-Telecomunicacion,Ingenieria-y-Arquitectura,0,No-es-Interuniversitario,No-Aplica,true,2020,Activo,Presencial,No-se-oferta-en-idioma-extranjero,,,,,,,372,168
2021-22,036,Universidad-Carlos-III-de-Madrid,Grado,Centro,28042292,Escuela-Politecnica-Superior,7001064,Doble-Grado-en-Ingenieria-Fisica-e-Ingenieria-en-Tecnologias-Industriales,Ingenieria-y-Arquitectura,0,No-es-Interuniversitario,No-Aplica,true,2020,Activo,Presencial,Se-oferta-en-Ingles,,,,,,,354,183
2021-22,036,Universidad-Carlos-III-de-Madrid,Grado,Centro,28041822,Facultad-de-Ciencias-Sociales-y-Juridicas,7000003,Doble-Grado-en-Ingenieria-Informatica-y-Administracion-de-Empresas,Ingenieria-y-Arquitectura,0,No-es-Interuniversitario,No-Aplica,true,2008,Activo,Presencial,No-se-oferta-en-idioma-extranjero,,,,,,,390,156
2021-22,036,Universidad-Carlos-III-de-Madrid,Grado,Centro,28042292,Escuela-Politecnica-Superior,7000003,Doble-Grado-en-Ingenieria-Informatica-y-Administracion-de-Empresas,Ingenieria-y-Arquitectura,0,No-es-Interuniversitario,No-Aplica,true,2008,Activo,Presencial,No-se-oferta-en-idioma-extranjero,,,,,,,390,156
2021-22,036,Universidad-Carlos-III-de-Madrid,Master,Centro,28053711,Centro-de-Postgrado,3000543,Master-Interuniversitario-en-Multimedia-y-Comunicaciones,Ciencias,1,Interuniversitario-con-Universidades-espaniolas,La-Universidad-SI-es-la-coordinadora-del-estudio-Interuniversitario,false,2006,Extinguido-en-el-curso-de-referencia,Presencial,No-se-oferta-en-idioma-extranjero,45.02,71.88,84.07,84.07,,,90,998
2021-22,036,Universidad-Carlos-III-de-Madrid,Master,Centro,28053711,Centro-de-Postgrado,4316264,Master-Universitario-en-Abogacia-Internacional-Master-in-International-Advocacy-por-la-Universidad-Carlos-III-de-Madrid,Ciencias-Sociales-y-Juridicas,0,No-es-Interuniversitario,No-Aplica,true,2017,Activo,Presencial,Se-oferta-en-Ingles,150,195,225,225,,,60,78
2021-22,036,Universidad-Carlos-III-de-Madrid,Master,Centro,28053711,Centro-de-Postgrado,4313506,Master-Universitario-en-Acceso-al-Ejercicio-de-la-Abogacia-por-la-Universidad-Carlos-III-de-Madrid,Ciencias-Sociales-y-Juridicas,0,No-es-Interuniversitario,No-Aplica,true,2012,Activo,Presencial,No-se-oferta-en-idioma-extranjero,70.79,119.23,248.4,331.2,,,90,129
2021-22,036,Universidad-Carlos-III-de-Madrid,Master,Centro,28053711,Centro-de-Postgrado,4314769,Master-Universitario-en-Administracion-de-Empresas-Master-in-Business-Administration-MBA-por-la-Universidad-Carlos-III-de-Madrid,Ciencias-Sociales-y-Juridicas,0,No-es-Interuniversitario,No-Aplica,true,2014,Activo,Presencial,Se-oferta-en-Ingles,225,300,330,330,,,60,68
2021-22,036,Universidad-Carlos-III-de-Madrid,Master,Centro,28051864,Centro-Universitario-Guardia-Civil,4317023,Master-Universitario-en-Alta-Direccion-en-la-Seguridad-Internacional-por-la-Universidad-Carlos-III-de-Madrid,Ciencias-Sociales-y-Juridicas,0,No-es-Interuniversitario,No-Aplica,true,2019,Activo,Semipresencial,No-se-oferta-en-idioma-extranjero,0,0,0,0,,,60,60
2021-22,036,Universidad-Carlos-III-de-Madrid,Master,Centro,28053711,Centro-de-Postgrado,4313919,Master-Universitario-en-Analisis-Economico-Master-in-Economics-Analysis-por-la-Universidad-Carlos-III-de-Madrid,Ciencias-Sociales-y-Juridicas,0,No-es-Interuniversitario,No-Aplica,true,2013,Activo,Presencial,Se-oferta-en-Ingles,45.02,71.88,84.07,84.07,,,120,72
2021-22,036,Universidad-Carlos-III-de-Madrid,Master,Centro,28053711,Centro-de-Postgrado,4316666,Master-Universitario-en-Analisis-Politico-y-Electoral-por-la-Universidad-Carlos-III-de-Madrid,Ciencias-Sociales-y-Juridicas,0,No-es-Interuniversitario,No-Aplica,true,2018,Activo,Presencial,No-se-oferta-en-idioma-extranjero,95,125,150,150,,,60,60
2021-22,036,Universidad-Carlos-III-de-Madrid,Master,Centro,28053711,Centro-de-Postgrado,4314666,Master-Universitario-en-Archivos-Gestion-de-Documentos-y-Continuidad-Digital-por-la-Universidad-Carlos-III-de-Madrid,Ciencias-Sociales-y-Juridicas,0,No-es-Interuniversitario,No-Aplica,true,2014,En-proceso-de-extincion,Semipresencial,No-se-oferta-en-idioma-extranjero,45.02,71.88,84.07,84.07,,,60,72
2021-22,036,Universidad-Carlos-III-de-Madrid,Master,Centro,28053711,Centro-de-Postgrado,4314823,Master-Universitario-en-Asesoramiento-y-Consultoria-Juridico-Laboral,Ciencias-Sociales-y-Juridicas,0,No-es-Interuniversitario,No-Aplica,true,2014,Activo,Presencial,No-se-oferta-en-idioma-extranjero,95,125,150,150,,,60,60
2021-22,036,Universidad-Carlos-III-de-Madrid,Master,Centro,28053711,Centro-de-Postgrado,4315248,Master-Universitario-en-Asesoria-Juridica-de-Empresas-por-la-Universidad-Carlos-III-de-Madrid,Ciencias-Sociales-y-Juridicas,0,No-es-Interuniversitario,No-Aplica,true,2015,Activo,Presencial,No-se-oferta-en-idioma-extranjero,130,170,195,195,,,60,66
2021-22,036,Universidad-Carlos-III-de-Madrid,Master,Centro,28053711,Centro-de-Postgrado,4310430,Master-Universitario-en-Bibliotecas-y-Servicios-de-Informacion-Digital-por-la-Universidad-Carlos-III-de-Madrid,Ciencias-Sociales-y-Juridicas,0,No-es-Interuniversitario,No-Aplica,true,2009,En-proceso-de-extincion,Semipresencial,No-se-oferta-en-idioma-extranjero,45.02,71.88,84.07,84.07,,,60,72
2021-22,036,Universidad-Carlos-III-de-Madrid,Master,Centro,28053711,Centro-de-Postgrado,4316268,Master-Universitario-en-Bibliotecas-Archivos-y-Continuidad-Digital-por-la-Universidad-Carlos-III-de-Madrid,Artes-y-Humanidades,0,No-es-Interuniversitario,No-Aplica,true,2017,Activo,Semipresencial,No-se-oferta-en-idioma-extranjero,45.02,71.88,84.07,84.07,,,60,99
2021-22,036,Universidad-Carlos-III-de-Madrid,Master,Centro,28053711,Centro-de-Postgrado,4314804,Master-Universitario-en-Ciberseguridad-por-la-Universidad-Carlos-III-de-Madrid,Ingenieria-y-Arquitectura,0,No-es-Interuniversitario,No-Aplica,true,2014,Activo,Presencial,Se-oferta-en-Ingles,80,100,100,120,,,60,72
2021-22,036,Universidad-Carlos-III-de-Madrid,Master,Centro,28053711,Centro-de-Postgrado,4315809,Master-Universitario-en-Ciencia-e-Ingenieria-de-Materiales-por-la-Universidad-Carlos-III-de-Madrid,Ingenieria-y-Arquitectura,0,No-es-Interuniversitario,No-Aplica,true,2016,Activo,Presencial,No-se-oferta-en-idioma-extranjero,45.02,71.88,84.07,84.07,,,60,72
2021-22,036,Universidad-Carlos-III-de-Madrid,Master,Centro,28053711,Centro-de-Postgrado,4311470,Master-Universitario-en-Ciencia-y-Tecnologia-Informatica,Ingenieria-y-Arquitectura,0,No-es-Interuniversitario,No-Aplica,false,2009,Extinguido-en-el-curso-de-referencia,Presencial,No-se-oferta-en-idioma-extranjero,45.02,71.88,84.07,84.07,,,60,84
2021-22,036,Universidad-Carlos-III-de-Madrid,Master,Centro,28053711,Centro-de-Postgrado,4313914,Master-Universitario-en-Ciencia-y-Tecnologia-Informatica-por-la-Universidad-Carlos-III-de-Madrid,Ingenieria-y-Arquitectura,0,No-es-Interuniversitario,No-Aplica,true,2013,Activo,Presencial,No-se-oferta-en-idioma-extranjero,45.02,71.88,84.07,84.07,,,60,84
2021-22,036,Universidad-Carlos-III-de-Madrid,Master,Centro,28053711,Centro-de-Postgrado,4310065,Master-Universitario-en-Ciencias-Actuariales-y-Financieras-por-la-Universidad-Carlos-III-de-Madrid,Ciencias-Sociales-y-Juridicas,0,No-es-Interuniversitario,No-Aplica,true,2009,Activo,Presencial,No-se-oferta-en-idioma-extranjero,80,100,100,120,,,120,120
2021-22,036,Universidad-Carlos-III-de-Madrid,Master,Centro,28053711,Centro-de-Postgrado,4316234,Master-Universitario-en-Ciencias-de-las-Religiones-Historia-y-Sociedad-por-la-Universidad-Carlos-III-de-Madrid-la-Universidad-de-La-Laguna-y-la-Univ,Artes-y-Humanidades,1,Interuniversitario-con-Universidades-espaniolas,La-Universidad-NO-es-la-coordinadora-del-estudio-Interuniversitario,true,2017,Activo,Presencial,No-se-oferta-en-idioma-extranjero,13.68,27.35,52.13,69.51,,,60,94
2021-22,036,Universidad-Carlos-III-de-Madrid,Master,Centro,28053711,Centro-de-Postgrado,4315827,Master-Universitario-en-Ciencias-Sociales-Master-in-Social-Sciences-por-la-Universidad-Carlos-III-de-Madrid,Ciencias-Sociales-y-Juridicas,0,No-es-Interuniversitario,No-Aplica,true,2016,Activo,Presencial,Se-oferta-en-Ingles,45.02,71.88,84.07,84.07,,,120,120
2021-22,036,Universidad-Carlos-III-de-Madrid,Master,Centro,28053711,Centro-de-Postgrado,4314794,Master-Universitario-en-Cine-y-Television-por-la-Universidad-Carlos-III-de-Madrid,Ciencias-Sociales-y-Juridicas,0,No-es-Interuniversitario,No-Aplica,true,2014,Activo,Presencial,No-se-oferta-en-idioma-extranjero,95,125,150,150,,,60,60
2021-22,036,Universidad-Carlos-III-de-Madrid,Master,Centro,28053711,Centro-de-Postgrado,4315832,Master-Universitario-en-Comunicacion-Publicitaria-por-la-Universidad-Carlos-III-de-Madrid,Ciencias-Sociales-y-Juridicas,0,No-es-Interuniversitario,No-Aplica,true,2016,Activo,Presencial,No-se-oferta-en-idioma-extranjero,110,145,165,165,,,60,66
2021-22,036,Universidad-Carlos-III-de-Madrid,Master,Centro,28053711,Centro-de-Postgrado,4316924,Master-Universitario-en-Contabilidad-por-la-Universidad-Carlos-III-de-Madrid,Ciencias-Sociales-y-Juridicas,0,No-es-Interuniversitario,No-Aplica,false,2019,Extinguido-en-el-curso-de-referencia,Presencial,Se-oferta-en-Ingles,150,195,225,225,,,60,81
2021-22,036,Universidad-Carlos-III-de-Madrid,Master,Centro,28053711,Centro-de-Postgrado,4314801,Master-Universitario-en-Derecho-de-la-Union-Europea-por-la-Universidad-Carlos-III-de-Madrid,Ciencias-Sociales-y-Juridicas,0,No-es-Interuniversitario,No-Aplica,true,2014,Activo,Presencial,Se-oferta-en-Ingles,95,125,150,150,,,90,99
2021-22,036,Universidad-Carlos-III-de-Madrid,Master,Centro,28053711,Centro-de-Postgrado,4314834,Master-Universitario-en-Derecho-de-las-Telecomunicaciones-Proteccion-de-Datos-Audiovisual-y-Sociedad-de-la-Informacion-por-la-Universidad-Carlos-III,Ciencias-Sociales-y-Juridicas,0,No-es-Interuniversitario,No-Aplica,true,2014,Activo,Presencial,No-se-oferta-en-idioma-extranjero,110,145,165,165,,,60,60
2021-22,036,Universidad-Carlos-III-de-Madrid,Master,Centro,28053711,Centro-de-Postgrado,4310066,Master-Universitario-en-Derecho-Privado,Ciencias-Sociales-y-Juridicas,0,No-es-Interuniversitario,No-Aplica,false,2009,Extinguido-en-el-curso-de-referencia,Presencial,No-se-oferta-en-idioma-extranjero,45.02,71.88,84.07,84.07,,,90,26.5
2021-22,036,Universidad-Carlos-III-de-Madrid,Master,Centro,28053711,Centro-de-Postgrado,4314096,Master-Universitario-en-Derecho-Privado-por-la-Universidad-Carlos-III-de-Madrid,Ciencias-Sociales-y-Juridicas,0,No-es-Interuniversitario,No-Aplica,true,2013,En-proceso-de-extincion,Presencial,No-se-oferta-en-idioma-extranjero,45.02,71.88,84.07,84.07,,,90,114
2021-22,036,Universidad-Carlos-III-de-Madrid,Master,Centro,28053711,Centro-de-Postgrado,4310067,Master-Universitario-en-Derecho-Publico,Ciencias-Sociales-y-Juridicas,0,No-es-Interuniversitario,No-Aplica,false,2009,Extinguido-en-el-curso-de-referencia,Presencial,No-se-oferta-en-idioma-extranjero,45.02,71.88,84.07,84.07,,,90,30
2021-22,036,Universidad-Carlos-III-de-Madrid,Master,Centro,28053711,Centro-de-Postgrado,4314095,Master-Universitario-en-Derecho-Publico-por-la-Universidad-Carlos-III-de-Madrid,Ciencias-Sociales-y-Juridicas,0,No-es-Interuniversitario,No-Aplica,true,2013,En-proceso-de-extincion,Presencial,No-se-oferta-en-idioma-extranjero,45.02,71.88,84.07,84.07,,,90,144
2021-22,036,Universidad-Carlos-III-de-Madrid,Master,Centro,28053711,Centro-de-Postgrado,4314793,Master-Universitario-en-Derechos-de-los-Sectores-Regulados,Ciencias-Sociales-y-Juridicas,0,No-es-Interuniversitario,No-Aplica,true,2014,Activo,Presencial,No-se-oferta-en-idioma-extranjero,95,125,150,150,,,60,84
2021-22,036,Universidad-Carlos-III-de-Madrid,Master,Centro,28053711,Centro-de-Postgrado,4312222,Master-Universitario-en-Desarrollo-y-Crecimiento-Economico-Economic-Development-and-Growth-por-la-Universidad-Carlos-III-de-Madrid,Ciencias-Sociales-y-Juridicas,0,No-es-Interuniversitario,No-Aplica,true,2010,Activo,Presencial,Se-oferta-en-Ingles,130,170,195,195,,,60,66
2021-22,036,Universidad-Carlos-III-de-Madrid,Master,Centro,28053711,Centro-de-Postgrado,4312352,Master-Universitario-en-Direccion-de-Empresas-Master-in-Management-por-la-Universidad-Carlos-III-de-Madrid,Ciencias-Sociales-y-Juridicas,0,No-es-Interuniversitario,No-Aplica,true,2011,Activo,Presencial,Se-oferta-en-Ingles,150,195,225,225,,,60,96
2021-22,036,Universidad-Carlos-III-de-Madrid,Master,Centro,28053711,Centro-de-Postgrado,4314097,Master-Universitario-en-Direccion-de-Recursos-Humanos-Master-in-Human-Resources-Management-por-la-Universidad-Carlos-III-de-Madrid,Ciencias-Sociales-y-Juridicas,0,No-es-Interuniversitario,No-Aplica,true,2013,Activo,Presencial,Se-oferta-en-Ingles,150,195,225,225,,,60,72
2021-22,036,Universidad-Carlos-III-de-Madrid,Master,Centro,28051864,Centro-Universitario-Guardia-Civil,4314692,Master-Universitario-en-Direccion-Operativa-de-la-Seguridad-por-la-Universidad-Carlos-III-de-Madrid,Ciencias-Sociales-y-Juridicas,0,No-es-Interuniversitario,No-Aplica,true,2014,Activo,Presencial,No-se-oferta-en-idioma-extranjero,0,0,0,0,,,60,60
2021-22,036,Universidad-Carlos-III-de-Madrid,Master,Centro,28053711,Centro-de-Postgrado,4314702,Master-Universitario-en-Documental-y-Reportaje-Periodistico-Transmedia-por-la-Universidad-Carlos-III-de-Madrid,Ciencias-Sociales-y-Juridicas,0,No-es-Interuniversitario,No-Aplica,true,2014,Activo,Presencial,No-se-oferta-en-idioma-extranjero,110,145,165,165,,,60,66
2021-22,036,Universidad-Carlos-III-de-Madrid,Master,Centro,28053711,Centro-de-Postgrado,4314722,Master-Universitario-en-Economia-Master-in-Economics-por-la-Universidad-Carlos-III-de-Madrid,Ciencias-Sociales-y-Juridicas,0,No-es-Interuniversitario,No-Aplica,true,2014,Activo,Presencial,Se-oferta-en-Ingles,130,170,195,195,,,60,96
2021-22,036,Universidad-Carlos-III-de-Madrid,Master,Centro,28053711,Centro-de-Postgrado,4313969,Master-Universitario-en-Economia-de-la-Empresa-y-Finanzas-Master-in-Business-and-Finance-por-la-Universidad-Carlos-III-de-Madrid,Ciencias-Sociales-y-Juridicas,0,No-es-Interuniversitario,No-Aplica,true,2013,Activo,Presencial,Se-oferta-en-Ingles,45.02,71.88,84.07,84.07,,,120,219
2021-22,036,Universidad-Carlos-III-de-Madrid,Master,Centro,28053711,Centro-de-Postgrado,4313547,Master-Universitario-en-Economia-Industrial-y-Mercados-Master-in-Industrial-Economics-and-Markets-por-la-Universidad-Carlos-III-de-Madrid,Ciencias-Sociales-y-Juridicas,0,No-es-Interuniversitario,No-Aplica,true,2012,Activo,Presencial,Se-oferta-en-Ingles,130,170,195,195,,,120,126
2021-22,036,Universidad-Carlos-III-de-Madrid,Master,Centro,28053711,Centro-de-Postgrado,4312479,Master-Universitario-en-Energias-Renovables-en-Sistemas-Electricos-por-la-Universidad-Carlos-III-de-Madrid,Ingenieria-y-Arquitectura,0,No-es-Interuniversitario,No-Aplica,true,2012,Activo,Presencial,No-se-oferta-en-idioma-extranjero,80,100,100,120,,,60,66
2021-22,036,Universidad-Carlos-III-de-Madrid,Master,Centro,28053711,Centro-de-Postgrado,4316664,Master-Universitario-en-Estadistica-para-la-Ciencia-de-Datos-por-la-Universidad-Carlos-III-de-Madrid,Ciencias,0,No-es-Interuniversitario,No-Aplica,true,2018,Activo,Presencial,Se-oferta-en-Ingles,80,100,100,120,,,60,75
2021-22,036,Universidad-Carlos-III-de-Madrid,Master,Centro,28053711,Centro-de-Postgrado,4316978,Master-Universitario-en-Estudios-Avanzados-de-Derecho-Publico-por-la-Universidad-Carlos-III-de-Madrid,Ciencias-Sociales-y-Juridicas,0,No-es-Interuniversitario,No-Aplica,true,2019,Activo,Presencial,No-se-oferta-en-idioma-extranjero,80,100,100,120,,,60,88
2021-22,036,Universidad-Carlos-III-de-Madrid,Master,Centro,28053711,Centro-de-Postgrado,4310069,Master-Universitario-en-Estudios-Avanzados-en-Derechos-Humanos-por-la-Universidad-Carlos-III-de-Madrid,Ciencias-Sociales-y-Juridicas,0,No-es-Interuniversitario,No-Aplica,false,2009,Extinguido-en-el-curso-de-referencia,Presencial,No-se-oferta-en-idioma-extranjero,45.02,71.88,84.07,84.07,,,90,30
2021-22,036,Universidad-Carlos-III-de-Madrid,Master,Centro,28053711,Centro-de-Postgrado,4313915,Master-Universitario-en-Estudios-Avanzados-en-Derechos-Humanos-por-la-Universidad-Carlos-III-de-Madrid,Ciencias-Sociales-y-Juridicas,0,No-es-Interuniversitario,No-Aplica,true,2013,Activo,Presencial,No-se-oferta-en-idioma-extranjero,45.02,71.88,84.07,84.07,,,90,90
2021-22,036,Universidad-Carlos-III-de-Madrid,Master,Centro,28053711,Centro-de-Postgrado,4312353,Master-Universitario-en-Finanzas-Master-in-Finance-por-la-Universidad-Carlos-III-de-Madrid,Ciencias-Sociales-y-Juridicas,0,No-es-Interuniversitario,No-Aplica,true,2011,Activo,Presencial,Se-oferta-en-Ingles,150,195,225,225,,,60,72
2021-22,036,Universidad-Carlos-III-de-Madrid,Master,Centro,28053711,Centro-de-Postgrado,4316680,Master-Universitario-en-Geopolitica-y-Estudios-Estrategicos-por-la-Universidad-Carlos-III-de-Madrid,Ciencias-Sociales-y-Juridicas,0,No-es-Interuniversitario,No-Aplica,true,2018,Activo,Presencial,Se-oferta-en-Ingles,130,170,195,195,,,90,60
2021-22,036,Universidad-Carlos-III-de-Madrid,Master,Centro,28053711,Centro-de-Postgrado,4314760,Master-Universitario-en-Gestion-Turistica-de-Recursos-Culturales-y-Naturales-por-la-Universidad-Carlos-III-de-Madrid,Artes-y-Humanidades,0,No-es-Interuniversitario,No-Aplica,true,2014,Activo,Presencial,No-se-oferta-en-idioma-extranjero,80,100,100,120,,,60,87
2021-22,036,Universidad-Carlos-III-de-Madrid,Master,Centro,28053711,Centro-de-Postgrado,4314822,Master-Universitario-en-Gestion-y-Desarrollo-de-Tecnologias-Biomedicas-por-la-Universidad-Carlos-III-de-Madrid,Ingenieria-y-Arquitectura,0,No-es-Interuniversitario,No-Aplica,true,2014,Activo,Presencial,No-se-oferta-en-idioma-extranjero,80,100,100,120,,,60,60
2021-22,036,Universidad-Carlos-III-de-Madrid,Master,Centro,28053711,Centro-de-Postgrado,4311970,Master-Universitario-en-Herencia-Cultural-Hispanica-por-la-Universidad-Carlos-III-de-Madrid,Artes-y-Humanidades,0,No-es-Interuniversitario,No-Aplica,true,2010,Activo,Presencial,No-se-oferta-en-idioma-extranjero,45.02,71.88,84.07,84.07,,,60,102
2021-22,036,Universidad-Carlos-III-de-Madrid,Master,Centro,28053711,Centro-de-Postgrado,4316927,Master-Universitario-en-Industria-Conectada-4.0-por-la-Universidad-Carlos-III-de-Madrid,Ingenieria-y-Arquitectura,0,No-es-Interuniversitario,No-Aplica,true,2019,Activo,Presencial,Se-oferta-en-Ingles,80,100,100,120,,,60,63
2021-22,036,Universidad-Carlos-III-de-Madrid,Master,Centro,28053711,Centro-de-Postgrado,4314463,Master-Universitario-en-Ingenieria-Aeronautica-Master-in-Aeronautical-Engineering-por-la-Universidad-Carlos-III-de-Madrid,Ingenieria-y-Arquitectura,0,No-es-Interuniversitario,No-Aplica,true,2014,Activo,Presencial,Se-oferta-en-Ingles,29.78,51.75,111.8,154.8,,,90,90
2021-22,036,Universidad-Carlos-III-de-Madrid,Master,Centro,28053711,Centro-de-Postgrado,4316676,Master-Universitario-en-Ingenieria-Clinica-por-la-Universidad-Carlos-III-de-Madrid,Ingenieria-y-Arquitectura,0,No-es-Interuniversitario,No-Aplica,true,2018,Activo,Presencial,No-se-oferta-en-idioma-extranjero,110,145,165,165,,,90,90
2021-22,036,Universidad-Carlos-III-de-Madrid,Master,Centro,28053711,Centro-de-Postgrado,4316958,Master-Universitario-en-Ingenieria-de-la-informacion-para-la-salud-por-la-Universidad-Carlos-III-de-Madrid,Ingenieria-y-Arquitectura,0,No-es-Interuniversitario,No-Aplica,true,2019,Activo,Presencial,Se-oferta-en-Ingles,45.02,71.88,84.07,84.07,,,60,102
2021-22,036,Universidad-Carlos-III-de-Madrid,Master,Centro,28053711,Centro-de-Postgrado,4313512,Master-Universitario-en-Ingenieria-de-Maquinas-y-Transportes-por-la-Universidad-Carlos-III-de-Madrid,Ingenieria-y-Arquitectura,0,No-es-Interuniversitario,No-Aplica,true,2012,Activo,Presencial,No-se-oferta-en-idioma-extranjero,45.02,71.88,84.07,84.07,,,60,60
2021-22,036,Universidad-Carlos-III-de-Madrid,Master,Centro,28053711,Centro-de-Postgrado,4314701,Master-Universitario-en-Ingenieria-de-Sistemas-Electronicos-y-Aplicaciones-por-la-Universidad-Carlos-III-de-Madrid,Ingenieria-y-Arquitectura,0,No-es-Interuniversitario,No-Aplica,true,2014,Activo,Presencial,No-se-oferta-en-idioma-extranjero,80,100,100,120,,,60,78
2021-22,036,Universidad-Carlos-III-de-Madrid,Master,Centro,28053711,Centro-de-Postgrado,4312225,Master-Universitario-en-Ingenieria-de-Telecomunicacion-por-la-Universidad-Carlos-III-de-Madrid,Ingenieria-y-Arquitectura,0,No-es-Interuniversitario,No-Aplica,true,2010,Activo,Presencial,Existen-planes-separados-uno-de-ellos-en-Ingles,29.78,51.75,111.8,154.8,,,90,96
2021-22,036,Universidad-Carlos-III-de-Madrid,Master,Centro,28053711,Centro-de-Postgrado,4316974,Master-Universitario-en-Ingenieria-Espacial-por-la-Universidad-Carlos-III-de-Madrid,Ingenieria-y-Arquitectura,0,No-es-Interuniversitario,No-Aplica,true,2019,Activo,Presencial,Se-oferta-en-Ingles,45.02,71.88,84.07,84.07,,,90,114
2021-22,036,Universidad-Carlos-III-de-Madrid,Master,Centro,28053711,Centro-de-Postgrado,4316259,Master-Universitario-en-Ingenieria-Fotonica-Master-in-Photonics-Engineering-por-la-Universidad-Carlos-III-de-Madrid-la-Universidad-de-Alcala-y-la-U,Ingenieria-y-Arquitectura,1,Interuniversitario-con-Universidades-espaniolas,La-Universidad-SI-es-la-coordinadora-del-estudio-Interuniversitario,true,2017,Activo,Presencial,Se-oferta-en-Ingles,45.02,71.88,84.07,84.07,,,60,66
2021-22,036,Universidad-Carlos-III-de-Madrid,Master,Centro,28053711,Centro-de-Postgrado,4312226,Master-Universitario-en-Ingenieria-Industrial-por-la-Universidad-Carlos-III-de-Madrid,Ingenieria-y-Arquitectura,0,No-es-Interuniversitario,No-Aplica,true,2011,Activo,Presencial,No-se-oferta-en-idioma-extranjero,29.78,51.75,111.8,154.8,,,90,90
2021-22,036,Universidad-Carlos-III-de-Madrid,Master,Centro,28053711,Centro-de-Postgrado,4310070,Master-Universitario-en-Ingenieria-Informatica-por-la-Universidad-Carlos-III-de-Madrid,Ingenieria-y-Arquitectura,0,No-es-Interuniversitario,No-Aplica,true,2010,Activo,Presencial,No-se-oferta-en-idioma-extranjero,29.78,51.75,111.8,154.8,,,90,90
2021-22,036,Universidad-Carlos-III-de-Madrid,Master,Centro,28053711,Centro-de-Postgrado,4313164,Master-Universitario-en-Ingenieria-Matematica-por-la-Universidad-Carlos-III-de-Madrid,Ingenieria-y-Arquitectura,0,No-es-Interuniversitario,No-Aplica,true,2010,En-proceso-de-extincion,Presencial,Se-oferta-en-Ingles,45.02,71.88,84.07,84.07,,,90,150
2021-22,036,Universidad-Carlos-III-de-Madrid,Master,Centro,28053711,Centro-de-Postgrado,4313552,Master-Universitario-en-Ingenieria-Telematica-Master-in-Telematics-Engineering-por-la-Universidad-Carlos-III-de-Madrid,Ingenieria-y-Arquitectura,0,No-es-Interuniversitario,No-Aplica,true,2012,En-proceso-de-extincion,Presencial,Se-oferta-en-Ingles,45.02,71.88,84.07,84.07,,,60,72
2021-22,036,Universidad-Carlos-III-de-Madrid,Master,Centro,28053711,Centro-de-Postgrado,4313166,Master-Universitario-en-Iniciativa-Emprendedora-y-Creacion-de-Empresas-por-la-Universidad-Carlos-III-de-Madrid,Ciencias-Sociales-y-Juridicas,0,No-es-Interuniversitario,No-Aplica,true,2012,Activo,Presencial,No-se-oferta-en-idioma-extranjero,130,170,195,195,,,60,84
2021-22,036,Universidad-Carlos-III-de-Madrid,Master,Centro,28053711,Centro-de-Postgrado,4316959,Master-Universitario-en-Internet-de-las-Cosas-Tecnologias-Aplicadas-por-la-Universidad-Carlos-III-de-Madrid,Ingenieria-y-Arquitectura,0,No-es-Interuniversitario,No-Aplica,true,2019,Activo,Presencial,No-se-oferta-en-idioma-extranjero,80,100,100,120,,,60,72
2021-22,036,Universidad-Carlos-III-de-Madrid,Master,Centro,28053711,Centro-de-Postgrado,4310431,Master-Universitario-en-Investigacion-Aplicada-a-Medios-de-Comunicacion-por-la-Universidad-Carlos-III-de-Madrid,Ciencias-Sociales-y-Juridicas,0,No-es-Interuniversitario,No-Aplica,true,2009,Activo,Presencial,No-se-oferta-en-idioma-extranjero,45.02,71.88,84.07,84.07,,,60,90
2021-22,036,Universidad-Carlos-III-de-Madrid,Master,Centro,28053711,Centro-de-Postgrado,4314461,Master-Universitario-en-Investigacion-en-Derecho-de-la-Cultura-por-la-Universidad-Carlos-III-de-Madrid-y-la-Universidad-Nacional-de-Educacion-a-Distan,Ciencias-Sociales-y-Juridicas,1,Interuniversitario-con-Universidades-espaniolas,La-Universidad-NO-es-la-coordinadora-del-estudio-Interuniversitario,true,2013,Activo,Semipresencial,No-se-oferta-en-idioma-extranjero,0,0,0,0,,,90,168
2021-22,036,Universidad-Carlos-III-de-Madrid,Master,Centro,28053711,Centro-de-Postgrado,4313918,Master-Universitario-en-Derecho-Penal-y-Procesal-Penal-por-la-Universidad-Carlos-III-de-Madrid,Ciencias-Sociales-y-Juridicas,0,No-es-Interuniversitario,No-Aplica,true,2013,Activo,Varias-modalidades,No-se-oferta-en-idioma-extranjero,95,125,150,150,,,60,69
2021-22,036,Universidad-Carlos-III-de-Madrid,Master,Centro,28053711,Centro-de-Postgrado,4314721,Master-Universitario-en-Lengua-y-Literatura-Espaniolas-Actuales-por-la-Universidad-Carlos-III-de-Madrid,Artes-y-Humanidades,0,No-es-Interuniversitario,No-Aplica,true,2014,Activo,Presencial,No-se-oferta-en-idioma-extranjero,45.02,71.88,84.07,84.07,,,60,72
2021-22,036,Universidad-Carlos-III-de-Madrid,Master,Centro,28053711,Centro-de-Postgrado,4314280,Master-Universitario-en-Liderazgo-Politico-y-Social-por-la-Universidad-Carlos-III-de-Madrid,Ciencias-Sociales-y-Juridicas,0,No-es-Interuniversitario,No-Aplica,true,2013,En-proceso-de-extincion,Presencial,No-se-oferta-en-idioma-extranjero,80,100,100,120,,,60,63
2021-22,036,Universidad-Carlos-III-de-Madrid,Master,Centro,28053711,Centro-de-Postgrado,4313138,Master-Universitario-en-Marketing-por-la-Universidad-Carlos-III-de-Madrid,Ciencias-Sociales-y-Juridicas,0,No-es-Interuniversitario,No-Aplica,true,2012,Activo,Presencial,Se-oferta-en-Ingles,150,195,225,225,,,60,90
2021-22,036,Universidad-Carlos-III-de-Madrid,Master,Centro,28053711,Centro-de-Postgrado,4314422,Master-Universitario-en-Matematica-Industrial-por-la-Universidad-Carlos-III-de-Madrid-la-Universidad-de-A-Corunia-la-Universidad-de-Santiago-de-Compo,Ingenieria-y-Arquitectura,1,Interuniversitario-con-Universidades-espaniolas,La-Universidad-NO-es-la-coordinadora-del-estudio-Interuniversitario,true,2014,Activo,Presencial,No-se-oferta-en-idioma-extranjero,31.36,38.54,38.54,38.54,,,90,213
2021-22,036,Universidad-Carlos-III-de-Madrid,Master,Centro,28053711,Centro-de-Postgrado,4313553,Master-Universitario-en-Mecanica-Industrial-por-la-Universidad-Carlos-III-de-Madrid,Ingenieria-y-Arquitectura,0,No-es-Interuniversitario,No-Aplica,true,2012,Activo,Presencial,No-se-oferta-en-idioma-extranjero,45.02,71.88,84.07,84.07,,,60,69
2021-22,036,Universidad-Carlos-III-de-Madrid,Master,Centro,28053711,Centro-de-Postgrado,4315334,Master-Universitario-en-Mediacion-Negociacion-y-Resolucion-de-Conflictos-por-la-Universidad-Carlos-III-de-Madrid,Ciencias-Sociales-y-Juridicas,0,No-es-Interuniversitario,No-Aplica,true,2015,Activo,Varias-modalidades,No-se-oferta-en-idioma-extranjero,80,100,100,120,,,60,70
2021-22,036,Universidad-Carlos-III-de-Madrid,Master,Centro,28053711,Centro-de-Postgrado,4315583,Master-Universitario-en-Metodos-Analiticos-para-Datos-Masivos-Big-Data-Master-in-Big-Data-Analytics-por-la-Universidad-Carlos-III-de-Madrid,Ingenieria-y-Arquitectura,0,No-es-Interuniversitario,No-Aplica,true,2015,Activo,Presencial,Se-oferta-en-Ingles,80,100,100,120,,,60,66
2021-22,036,Universidad-Carlos-III-de-Madrid,Master,Centro,28053711,Centro-de-Postgrado,4313949,Master-Universitario-en-Tecnologias-Avanzadas-en-Comunicaciones,Ingenieria-y-Arquitectura,0,No-es-Interuniversitario,No-Aplica,true,2013,Activo,Presencial,Se-oferta-en-Ingles,45.02,71.88,84.07,84.07,,,60,90
2021-22,036,Universidad-Carlos-III-de-Madrid,Master,Centro,28053711,Centro-de-Postgrado,4312478,Master-Universitario-en-Prevencion-de-Riesgos-Laborales-por-la-Universidad-Carlos-III-de-Madrid,Ciencias-Sociales-y-Juridicas,0,No-es-Interuniversitario,No-Aplica,true,2010,Activo,Presencial,No-se-oferta-en-idioma-extranjero,95,125,150,150,,,60,60
2021-22,036,Universidad-Carlos-III-de-Madrid,Master,Centro,28053711,Centro-de-Postgrado,4314772,Master-Universitario-en-Propiedad-Intelectual,Ciencias-Sociales-y-Juridicas,0,No-es-Interuniversitario,No-Aplica,true,2014,Activo,Presencial,No-se-oferta-en-idioma-extranjero,130,170,195,195,,,60,60
2021-22,036,Universidad-Carlos-III-de-Madrid,Master,Centro,28053711,Centro-de-Postgrado,4316288,Master-Universitario-en-Responsabilidad-Civil-por-la-Universidad-Carlos-III-de-Madrid,Ciencias-Sociales-y-Juridicas,0,No-es-Interuniversitario,No-Aplica,true,2017,Activo,Presencial,No-se-oferta-en-idioma-extranjero,80,100,100,120,,,60,93
2021-22,036,Universidad-Carlos-III-de-Madrid,Master,Centro,28053711,Centro-de-Postgrado,4310075,Master-Universitario-en-Robotica-y-Automatizacion,Ingenieria-y-Arquitectura,0,No-es-Interuniversitario,No-Aplica,false,2009,Extinguido-en-el-curso-de-referencia,Presencial,No-se-oferta-en-idioma-extranjero,45.02,71.88,84.07,84.07,,,90,42
2021-22,036,Universidad-Carlos-III-de-Madrid,Master,Centro,28053711,Centro-de-Postgrado,4313916,Master-Universitario-en-Robotica-y-Automatizacion-por-la-Universidad-Carlos-III-de-Madrid,Ingenieria-y-Arquitectura,0,No-es-Interuniversitario,No-Aplica,true,2013,Activo,Presencial,No-se-oferta-en-idioma-extranjero,45.02,71.88,84.07,84.07,,,90,108
2021-22,036,Universidad-Carlos-III-de-Madrid,Master,Centro,28051864,Centro-Universitario-Guardia-Civil,4316251,Master-Universitario-en-Seguridad-Vial-y-Trafico-por-la-Universidad-Carlos-III-de-Madrid,Ingenieria-y-Arquitectura,0,No-es-Interuniversitario,No-Aplica,true,2017,Activo,Semipresencial,No-se-oferta-en-idioma-extranjero,0,0,0,0,,,60,60
2021-22,036,Universidad-Carlos-III-de-Madrid,Master,Centro,28053711,Centro-de-Postgrado,4315295,Master-Universitario-en-Tecnologias-del-Sector-Financiero-Fintech-por-la-Universidad-Carlos-III-de-Madrid,Ingenieria-y-Arquitectura,0,No-es-Interuniversitario,No-Aplica,true,2015,Activo,Semipresencial,No-se-oferta-en-idioma-extranjero,95,125,150,150,,,60,73
2021-22,036,Universidad-Carlos-III-de-Madrid,Master,Centro,28053711,Centro-de-Postgrado,4311969,Master-Universitario-en-Teoria-y-Critica-de-la-Cultura-por-la-Universidad-Carlos-III-de-Madrid,Artes-y-Humanidades,0,No-es-Interuniversitario,No-Aplica,true,2010,Activo,Presencial,No-se-oferta-en-idioma-extranjero,45.02,71.88,84.07,84.07,,,60,120
2021-22,036,Universidad-Carlos-III-de-Madrid,Master,Centro,28053711,Centro-de-Postgrado,4316681,Master-Universitario-en-Tributacion-por-la-Universidad-Carlos-III-de-Madrid,Ciencias-Sociales-y-Juridicas,0,No-es-Interuniversitario,No-Aplica,true,2018,Activo,Presencial,No-se-oferta-en-idioma-extranjero,110,145,165,165,,,60,60
2021-22,036,Universidad-Carlos-III-de-Madrid,Master,Centro,28053711,Centro-de-Postgrado,4313191,Master-Universitario-Erasmus-Mundus-en-Fisica-de-Plasmas-y-Fusion-Nuclear-European-Master-of-Science-in-Nuclear-Fusion-and-Engineering-Physics-Fusi,Ciencias,2,Interuniversitario-con-alguna-Universidad-extranjera,La-Universidad-SI-es-la-coordinadora-del-estudio-Interuniversitario,true,2012,En-proceso-de-extincion,Presencial,Se-oferta-en-Ingles,45.02,71.88,84.07,84.07,,,120,171
2021-22,036,Universidad-Carlos-III-de-Madrid,Master,Centro,28053711,Centro-de-Postgrado,4317771,Master-Universitario-Erasmus-Mundus-en-Fisica-de-Plasmas-y-Fusion-Nuclear,Ingenieria-y-Arquitectura,2,Interuniversitario-con-alguna-Universidad-extranjera,La-Universidad-SI-es-la-coordinadora-del-estudio-Interuniversitario,true,2021,Activo,Presencial,Se-oferta-en-Ingles,45.02,71.88,84.07,84.07,,,120,120
2021-22,036,Universidad-Carlos-III-de-Madrid,Master,Centro,28053711,Centro-de-Postgrado,4317630,Master-Universitario-en-Matematica-Aplicada-y-Computacional,Ingenieria-y-Arquitectura,0,No-es-Interuniversitario,No-Aplica,true,2021,Activo,Presencial,Se-oferta-en-Ingles,45.02,71.88,84.07,84.07,,,60,60
2021-22,036,Universidad-Carlos-III-de-Madrid,Master,Centro,28053711,Centro-de-Postgrado,4317624,Master-Universitario-en-Ingenieria-Estructural-de-Construcciones-Industriales,Ingenieria-y-Arquitectura,0,No-es-Interuniversitario,No-Aplica,true,2021,Activo,Presencial,No-se-oferta-en-idioma-extranjero,45.02,71.88,84.07,84.07,,,60,60
2021-22,036,Universidad-Carlos-III-de-Madrid,Doctorado,Centro,28053708,Escuela-de-Doctorado,5600030,Doctorado-en-Ciencia-e-Ingenieria-de-Materiales-RD-992011,Ingenieria-y-Arquitectura,0,No-es-Interuniversitario,No-Aplica,true,2012,Activo,,Se-oferta-en-Ingles,,,,,,390,,
2021-22,036,Universidad-Carlos-III-de-Madrid,Doctorado,Centro,28053708,Escuela-de-Doctorado,5601375,Doctorado-en-Ciencia-y-Tecnologia-Biomedica,Ingenieria-y-Arquitectura,0,No-es-Interuniversitario,No-Aplica,true,2018,Activo,,Se-oferta-en-Ingles,,,,,,390,,
2021-22,036,Universidad-Carlos-III-de-Madrid,Doctorado,Centro,28053708,Escuela-de-Doctorado,5600609,Doctorado-en-Ciencia-y-Tecnologia-Informatica-RD-992011,Ingenieria-y-Arquitectura,0,No-es-Interuniversitario,No-Aplica,true,2013,Activo,,Se-oferta-en-Ingles,,,,,,390,,
2021-22,036,Universidad-Carlos-III-de-Madrid,Doctorado,Centro,28053708,Escuela-de-Doctorado,5600021,Doctorado-en-Derecho-RD-992011,Ciencias-Sociales-y-Juridicas,0,No-es-Interuniversitario,No-Aplica,true,2012,Activo,,Se-oferta-en-Ingles,,,,,,390,,
2021-22,036,Universidad-Carlos-III-de-Madrid,Doctorado,Centro,28053708,Escuela-de-Doctorado,5600621,Doctorado-en-Documentacion-Archivos-y-Bibliotecas-en-el-Entorno-Digital-RD-992011,Artes-y-Humanidades,0,No-es-Interuniversitario,No-Aplica,true,2013,Activo,,Se-oferta-en-Ingles,,,,,,390,,
2021-22,036,Universidad-Carlos-III-de-Madrid,Doctorado,Centro,28053708,Escuela-de-Doctorado,5600022,Doctorado-en-Economia-RD-992011,Ciencias-Sociales-y-Juridicas,0,No-es-Interuniversitario,No-Aplica,true,2012,Activo,,Se-oferta-en-Ingles,,,,,,390,,
2021-22,036,Universidad-Carlos-III-de-Madrid,Doctorado,Centro,28053708,Escuela-de-Doctorado,5600019,Doctorado-en-Economia-de-la-Empresa-y-Metodos-Cuantitativos-RD-992011,Ciencias-Sociales-y-Juridicas,0,No-es-Interuniversitario,No-Aplica,true,2012,En-proceso-de-extincion,,Se-oferta-en-Ingles,,,,,,390,,
2021-22,036,Universidad-Carlos-III-de-Madrid,Doctorado,Centro,28053708,Escuela-de-Doctorado,5601282,Doctorado-en-Empresa-y-Finanzas-RD-992011,Ciencias-Sociales-y-Juridicas,0,No-es-Interuniversitario,No-Aplica,true,2016,Activo,,Se-oferta-en-Ingles,,,,,,390,,
2021-22,036,Universidad-Carlos-III-de-Madrid,Doctorado,Centro,28053708,Escuela-de-Doctorado,5601333,Doctorado-en-en-Ciencias-Sociales-Social-Sciences-RD-992011,Ciencias-Sociales-y-Juridicas,0,No-es-Interuniversitario,No-Aplica,true,2017,Activo,,Se-oferta-en-Ingles,,,,,,390,,
2021-22,036,Universidad-Carlos-III-de-Madrid,Doctorado,Centro,28053708,Escuela-de-Doctorado,5600024,Doctorado-en-Estudios-Avanzados-en-Derechos-Humanos-RD-992011,Ciencias-Sociales-y-Juridicas,0,No-es-Interuniversitario,No-Aplica,true,2012,Activo,,Se-oferta-en-Ingles,,,,,,390,,
2021-22,036,Universidad-Carlos-III-de-Madrid,Doctorado,Centro,28053708,Escuela-de-Doctorado,5600620,Doctorado-en-Humanidades-RD-992011,Artes-y-Humanidades,0,No-es-Interuniversitario,No-Aplica,true,2013,Activo,,Se-oferta-en-Ingles,,,,,,390,,
2021-22,036,Universidad-Carlos-III-de-Madrid,Doctorado,Centro,28053708,Escuela-de-Doctorado,5600023,Doctorado-en-Ingenieria-Electrica-Electronica-y-Automatica-RD-992011,Ingenieria-y-Arquitectura,0,No-es-Interuniversitario,No-Aplica,true,2012,Activo,,Se-oferta-en-Ingles,,,,,,390,,
2021-22,036,Universidad-Carlos-III-de-Madrid,Doctorado,Centro,28053708,Escuela-de-Doctorado,5600025,Doctorado-en-Ingenieria-Matematica-RD-992011,Ingenieria-y-Arquitectura,0,No-es-Interuniversitario,No-Aplica,true,2012,Activo,,Se-oferta-en-Ingles,,,,,,390,,
2021-22,036,Universidad-Carlos-III-de-Madrid,Doctorado,Centro,28053708,Escuela-de-Doctorado,5600028,Doctorado-en-Ingenieria-Mecanica-y-de-Organizacion-Industrial-RD-992011,Ingenieria-y-Arquitectura,0,No-es-Interuniversitario,No-Aplica,true,2012,Activo,,Se-oferta-en-Ingles,,,,,,390,,
2021-22,036,Universidad-Carlos-III-de-Madrid,Doctorado,Centro,28053708,Escuela-de-Doctorado,5600029,Doctorado-en-Ingenieria-Telematica-RD-992011,Ingenieria-y-Arquitectura,0,No-es-Interuniversitario,No-Aplica,true,2012,Activo,,Se-oferta-en-Ingles,,,,,,390,,
2021-22,036,Universidad-Carlos-III-de-Madrid,Doctorado,Centro,28053708,Escuela-de-Doctorado,5600613,Doctorado-en-Investigacion-en-Medios-de-Comunicacion-RD-992011,Ciencias-Sociales-y-Juridicas,0,No-es-Interuniversitario,No-Aplica,true,2013,Activo,,Se-oferta-en-Ingles,,,,,,390,,
2021-22,036,Universidad-Carlos-III-de-Madrid,Doctorado,Centro,28053708,Escuela-de-Doctorado,5600420,Doctorado-en-Mecanica-de-Fluidos-RD-992011,Ingenieria-y-Arquitectura,1,Interuniversitario-con-Universidades-espaniolas,La-Universidad-NO-es-la-coordinadora-del-estudio-Interuniversitario,true,2013,Activo,,Se-oferta-en-Ingles,,,,,,390,,
2021-22,036,Universidad-Carlos-III-de-Madrid,Doctorado,Centro,28053708,Escuela-de-Doctorado,5600026,Doctorado-en-Plasmas-y-Fusion-Nuclear-RD-992011,Ingenieria-y-Arquitectura,0,No-es-Interuniversitario,No-Aplica,true,2012,Activo,,Se-oferta-en-Ingles,,,,,,390,,
2021-22,036,Universidad-Carlos-III-de-Madrid,Doctorado,Centro,28053708,Escuela-de-Doctorado,5601103,Doctorado-Interuniversitario-en-Filosofia-Ciencia-y-Valores-RD-992011,Artes-y-Humanidades,1,Interuniversitario-con-Universidades-espaniolas,La-Universidad-NO-es-la-coordinadora-del-estudio-Interuniversitario,false,2014,Activo,,Se-oferta-en-Ingles,,,,,,390,,
2021-22,036,Universidad-Carlos-III-de-Madrid,Doctorado,Centro,28053708,Escuela-de-Doctorado,5601160,Doctorado-Interuniversitario-en-Historia-Economica-RD-992011,Ciencias-Sociales-y-Juridicas,1,Interuniversitario-con-Universidades-espaniolas,La-Universidad-NO-es-la-coordinadora-del-estudio-Interuniversitario,true,2014,En-proceso-de-extincion,,Se-oferta-en-Ingles,,,,,,390,,
2021-22,036,Universidad-Carlos-III-de-Madrid,Doctorado,Centro,28053708,Escuela-de-Doctorado,5601301,Doctorado-Interuniversitario-en-Historia-Economica-UBUVUC3M,Ciencias-Sociales-y-Juridicas,1,Interuniversitario-con-Universidades-espaniolas,La-Universidad-NO-es-la-coordinadora-del-estudio-Interuniversitario,true,2017,Activo,,Se-oferta-en-Ingles,,,,,,390,,
2021-22,036,Universidad-Carlos-III-de-Madrid,Doctorado,Centro,28053708,Escuela-de-Doctorado,5600031,Doctorado-Interuniversitario-en-Multimedia-y-Comunicaciones-RD-992011,Artes-y-Humanidades,1,Interuniversitario-con-Universidades-espaniolas,La-Universidad-SI-es-la-coordinadora-del-estudio-Interuniversitario,true,2012,Activo,,Se-oferta-en-Ingles,,,,,,390,,
2021-22,036,Universidad-Carlos-III-de-Madrid,Doctorado,Centro,28053708,Escuela-de-Doctorado,5601037,Programa-de-Doctorado-Erasmus-Mundus-en-Ciencia-e-Ingenieria-de-la-Fusion-RD-992011,Ingenieria-y-Arquitectura,2,Interuniversitario-con-alguna-Universidad-extranjera,La-Universidad-NO-es-la-coordinadora-del-estudio-Interuniversitario,true,2014,Activo,,Se-oferta-en-Ingles,,,,,,0,,
2021-22,036,Universidad-Carlos-III-de-Madrid,Doctorado,Centro,28053708,Escuela-de-Doctorado,5601449,Doctorado-en-Ingenieria-Aeroespacial,Ingenieria-y-Arquitectura,0,No-es-Interuniversitario,No-Aplica,true,2020,Activo,,Se-oferta-en-Ingles,,,,,,390,,
